<?xml version="1.0" encoding="UTF-8"?>
<project-private xmlns="http://www.netbeans.org/ns/project-private/1">
    <editor-bookmarks xmlns="http://www.netbeans.org/ns/editor-bookmarks/2" lastBookmarkId="0"/>
    <open-files xmlns="http://www.netbeans.org/ns/projectui-open-files/2">
        <group>
            <file>file:/C:/Users/aluno/Documents/Nova%20pasta/Obs/EC206-master/EC205/src/br/inatel/view/TelaAdmin.java</file>
            <file>file:/C:/Users/aluno/Documents/Nova%20pasta/Obs/EC206-master/EC205/src/br/inatel/controller/MedicamentoController.java</file>
            <file>file:/C:/Users/aluno/Documents/Nova%20pasta/Obs/EC206-master/EC205/src/br/inatel/model/Venda.java</file>
            <file>file:/C:/Users/aluno/Documents/Nova%20pasta/Obs/EC206-master/EC205/src/br/inatel/controller/InicioController.java</file>
            <file>file:/C:/Users/aluno/Documents/Nova%20pasta/Obs/EC206-master/EC205/src/br/inatel/view/TelaLogin.java</file>
            <file>file:/C:/Users/aluno/Documents/Nova%20pasta/Obs/EC206-master/EC205/src/br/inatel/model/Cliente.java</file>
            <file>file:/C:/Users/aluno/Documents/Nova%20pasta/Obs/EC206-master/EC205/src/br/inatel/view/TelaListFuncionarios.java</file>
            <file>file:/C:/Users/aluno/Documents/Nova%20pasta/Obs/EC206-master/EC205/src/br/inatel/controller/FuncionarioController.java</file>
            <file>file:/C:/Users/aluno/Documents/Nova%20pasta/Obs/EC206-master/EC205/src/br/inatel/view/TelaCRUDFuncionario.java</file>
            <file>file:/C:/Users/aluno/Documents/Nova%20pasta/Obs/EC206-master/EC205/src/br/inatel/view/TelaCRUDMedicamento.java</file>
        </group>
    </open-files>
</project-private>
