<?xml version="1.0" encoding="UTF-8"?>
<project-private xmlns="http://www.netbeans.org/ns/project-private/1">
    <editor-bookmarks xmlns="http://www.netbeans.org/ns/editor-bookmarks/2" lastBookmarkId="0"/>
    <open-files xmlns="http://www.netbeans.org/ns/projectui-open-files/2">
        <group>
            <file>file:/C:/Users/Família/Downloads/EC205/src/br/inatel/view/TelaFunc.java</file>
            <file>file:/C:/Users/Família/Downloads/EC205/src/br/inatel/view/TelaAdmin.java</file>
            <file>file:/C:/Users/Família/Downloads/EC205/src/br/inatel/controller/VendaController.java</file>
            <file>file:/C:/Users/Família/Downloads/EC205/src/br/inatel/view/TelaListVenda.java</file>
            <file>file:/C:/Users/Família/Downloads/EC205/src/br/inatel/view/TelaCRUDCliente.java</file>
            <file>file:/C:/Users/Família/Downloads/EC205/src/br/inatel/controller/DAO.java</file>
            <file>file:/C:/Users/Família/Downloads/EC205/src/br/inatel/controller/MedicamentoController.java</file>
            <file>file:/C:/Users/Família/Downloads/EC205/src/br/inatel/view/TelaListMedicamento.java</file>
            <file>file:/C:/Users/Família/Downloads/EC205/src/br/inatel/view/TelaCRUDVenda.java</file>
            <file>file:/C:/Users/Família/Downloads/EC205/src/br/inatel/view/TelaCRUDMedicamento.java</file>
        </group>
    </open-files>
</project-private>
